merchant_id,merchant_type,city_tier,avg_monthly_orders,kitchen_capacity,has_multiple_platforms,has_dine_in,marking_reliability_score,avg_menu_prep_complexity
M000001,Fine Dining,Tier 1,108,23,True,False,0.8247671765727697,2.7970395677233566
M000002,Street Food,Tier 2,116,7,True,False,0.6835760766001462,3.6112534672569723
M000003,Cloud Kitchen,Tier 3,287,14,True,True,0.8287243971131146,4.424584601145149
M000004,Cloud Kitchen,Tier 2,699,44,True,False,0.5543323080761346,2.148527348748573
M000005,QSR,Tier 3,1588,46,True,False,0.6253296961178622,1.7349133613657495
M000006,QSR,Tier 2,120,5,True,True,0.4463377690917377,2.51538985940222
M000007,QSR,Tier 2,3785,33,True,True,0.7632638728729537,4.5775323054874235
M000008,Cafe,Tier 3,268,38,True,False,0.5750894224789196,1.0394429133485579
M000009,Cloud Kitchen,Tier 1,390,17,False,True,0.8218280635072187,3.7114744642309816
M000010,Cloud Kitchen,Tier 2,131,5,False,True,0.7201734736770872,2.908640185646326
M000011,QSR,Tier 1,10,38,True,True,0.7579041466902321,1.6441848598427202
M000012,Street Food,Tier 3,1519,33,True,True,0.7866572369393751,2.2840861050978667
M000013,Cafe,Tier 3,1218,17,True,False,0.49356889228584394,1.8998001755081355
M000014,QSR,Tier 1,264,33,True,False,0.9360464575874605,4.51132867156049
M000015,QSR,Tier 2,446,43,True,True,0.5967225333572447,2.927493535779961
M000016,QSR,Tier 3,874,28,True,True,0.5271128340122767,3.252377111489971
M000017,QSR,Tier 1,38,30,True,True,0.7877321532472306,3.3747504773480825
M000018,Cloud Kitchen,Tier 2,182,21,False,True,0.7199815591711695,3.5584684984094244
M000019,Fine Dining,Tier 3,1327,11,True,True,0.7108283307154489,2.98222276150372
M000020,QSR,Tier 1,61,17,True,False,0.8298352132611891,1.0714941233452633
M000021,Cloud Kitchen,Tier 2,626,9,True,True,0.9256728970482623,2.3388907476586076
M000022,QSR,Tier 1,52,30,True,True,0.7838361574983166,1.7354929628839648
M000023,QSR,Tier 3,812,7,True,False,0.8847185299889104,3.7205713716467077
M000024,Fine Dining,Tier 3,382,11,True,True,0.4763021976922572,1.2268186054801866
M000025,Fine Dining,Tier 3,35,43,False,False,0.6500274774850875,3.255213564446577
M000026,Cafe,Tier 2,2314,5,True,False,0.7582161756860484,1.8425268890972037
M000027,QSR,Tier 3,134,21,True,False,0.836408490463585,4.795383353868244
M000028,Cloud Kitchen,Tier 3,119,47,False,True,0.8436700507526526,2.342163768746142
M000029,Cloud Kitchen,Tier 1,545,29,True,True,0.3890134314103311,2.300884765498537
M000030,QSR,Tier 3,2259,7,False,True,0.9973110259325807,4.693538671962894
M000031,Cloud Kitchen,Tier 1,87,19,True,True,0.9007019155016515,2.6693916812165654
M000032,QSR,Tier 2,442,33,True,False,0.7321890724390351,4.851449336742968
M000033,QSR,Tier 1,767,47,True,False,0.713720738637584,1.096681408534014
M000034,Street Food,Tier 1,1140,36,True,False,0.6714051901385881,2.2253783008085852
M000035,Street Food,Tier 1,525,30,True,False,0.5544979723098972,3.6647718410657246
M000036,Cafe,Tier 2,232,20,True,False,0.5059104680290918,4.563427858110554
M000037,QSR,Tier 1,116,29,False,True,0.827850757580632,2.0256223720331357
M000038,QSR,Tier 2,459,32,False,True,0.8941029783453784,4.721910367854672
M000039,Cloud Kitchen,Tier 1,80,13,True,False,0.8578450553154044,3.3764858659967527
M000040,Fine Dining,Tier 1,5,5,True,True,0.8014469656693484,4.204032972791664
M000041,QSR,Tier 2,776,33,True,True,0.6185436250978785,2.588829217227589
M000042,Fine Dining,Tier 3,1565,26,True,True,0.9440522006557193,1.8487215302674933
M000043,QSR,Tier 1,11,20,True,False,0.3706205899689226,4.644941661790773
M000044,Street Food,Tier 2,88,45,True,True,0.629458286478289,4.732543473624874
M000045,QSR,Tier 3,1021,48,True,False,0.7738567229153159,2.990300576616542
M000046,Cloud Kitchen,Tier 2,8832,45,True,False,0.5945452955055647,1.025980063997026
M000047,QSR,Tier 1,416,11,False,True,0.6120671723862752,1.4391318146816179
M000048,Cloud Kitchen,Tier 1,135,18,True,True,0.7492478673596622,3.292111840926887
M000049,Cloud Kitchen,Tier 3,306,33,True,True,0.9473713036554712,1.0951068092075449
M000050,QSR,Tier 1,3172,23,True,False,0.47722361081028764,2.587647695946781
M000051,Street Food,Tier 3,153,23,True,False,0.710139488196939,2.2134797822880503
M000052,Cafe,Tier 2,121,6,True,False,0.8074686104128488,3.8573931016088188
M000053,Street Food,Tier 3,195,45,True,True,0.7633639924527781,1.2223146917917411
M000054,Cafe,Tier 3,96,49,False,True,0.848826191780773,2.95492507590915
M000055,Cloud Kitchen,Tier 3,484,19,True,True,0.4990576117020414,3.3164570795024213
M000056,Street Food,Tier 1,4614,7,True,False,0.3622806214715843,3.4691643042104707
M000057,QSR,Tier 3,654,15,False,True,0.7919740343525028,2.6206306880677634
M000058,QSR,Tier 2,276,34,False,True,0.8462358058062889,2.217471133718204
M000059,QSR,Tier 2,260,44,True,True,0.5721974677652762,3.729972134948595
M000060,QSR,Tier 2,38,22,True,True,0.8165824262360651,4.39027619240998
M000061,Fine Dining,Tier 3,1517,6,True,True,0.8288544672119751,3.774470551131515
M000062,QSR,Tier 3,358,36,True,True,0.5830714985693568,4.728409461828886
M000063,Cafe,Tier 3,307,12,True,True,0.6596203303107124,3.8690541014317086
M000064,Fine Dining,Tier 2,48516,26,True,True,0.8826573280631792,4.058474936054473
M000065,QSR,Tier 2,631,10,True,False,0.6455345212311258,1.6716127864083554
M000066,Cloud Kitchen,Tier 2,130,16,True,False,0.5909454254671255,2.678158578106847
M000067,QSR,Tier 1,212,44,True,True,0.5920814726350901,2.940221323823861
M000068,Cafe,Tier 1,2258,40,True,False,0.7713655627090794,2.0251726491784305
M000069,QSR,Tier 1,478,19,True,True,0.4763717573966613,3.1141594414251514
M000070,Street Food,Tier 1,46,32,True,True,0.6828507604949952,2.16316777688739
M000071,Cafe,Tier 1,1601,49,True,False,0.390378622784677,3.750008371217664
M000072,QSR,Tier 1,148,22,True,False,0.9552213775586554,2.8811539068127034
M000073,QSR,Tier 1,6700,6,True,False,0.34201827193854817,2.8352278170761425
M000074,Cafe,Tier 1,2038,17,True,True,0.9320487829137319,4.9345701241312465
M000075,Cloud Kitchen,Tier 3,206,49,True,True,0.703399857255684,2.569779394170282
M000076,Cloud Kitchen,Tier 2,2755,19,True,False,0.7597298899212915,2.4491817303582732
M000077,Cafe,Tier 1,446,24,False,True,0.6919854941581353,2.2744174851306176
M000078,QSR,Tier 2,1449,33,False,True,0.6457378408096572,4.5789968839031925
M000079,Fine Dining,Tier 1,834,46,True,False,0.47911959342252886,2.986895304392713
M000080,QSR,Tier 3,113,33,True,False,0.6309556022554169,3.400057909922542
M000081,Cafe,Tier 3,153,7,True,False,0.609988338698183,1.72327391600958
M000082,Cloud Kitchen,Tier 1,1891,23,True,True,0.6129852424378928,3.1637694400197076
M000083,QSR,Tier 2,244,7,True,False,0.6454985153007203,2.098592771473953
M000084,QSR,Tier 3,220,18,False,True,0.4775742452293629,3.92254768505151
M000085,QSR,Tier 3,96,44,True,True,0.6394744388770885,4.330113395169528
M000086,QSR,Tier 2,761,8,True,False,0.75809587453686,3.8592427685251103
M000087,Cloud Kitchen,Tier 2,8899,15,False,True,0.9319772214385083,3.9209766650810294
M000088,Cloud Kitchen,Tier 1,81,35,False,True,0.8768681982893389,3.049898816478068
M000089,Cafe,Tier 3,418,47,False,False,0.8131028095265097,3.848472225336541
M000090,Fine Dining,Tier 1,3355,36,True,True,0.5760309760792999,2.690747742032641
M000091,QSR,Tier 3,358,31,True,True,0.6911891843640147,3.605956614118452
M000092,Cloud Kitchen,Tier 2,795,34,True,True,0.5407217111527772,2.0361568404820587
M000093,Cafe,Tier 2,81,47,True,True,0.8166440508776528,1.2790280492480406
M000094,Cloud Kitchen,Tier 2,766,6,True,True,0.7154169282933336,2.653893056487874
M000095,Cafe,Tier 1,304,13,True,False,0.8329056237858897,2.84711262312196
M000096,Fine Dining,Tier 1,1769,32,False,False,0.42856242282154056,2.02562863275476
M000097,Cloud Kitchen,Tier 1,2394,35,True,True,0.8760182410689313,3.9108380736289505
M000098,Fine Dining,Tier 1,19620,38,True,False,0.8456825046644363,1.2942019159051168
M000099,QSR,Tier 3,962,19,True,True,0.685989940058755,1.8909932975167543
M000100,QSR,Tier 1,657,29,True,True,0.7527780378361989,3.9942588738145073
M000101,QSR,Tier 1,540,40,True,False,0.6402843912603003,2.7484970949600496
M000102,Cloud Kitchen,Tier 3,237,12,True,True,0.8844631824979593,3.8211344961572498
M000103,QSR,Tier 3,670,13,True,False,0.9111092727177474,3.269943511134385
M000104,Cloud Kitchen,Tier 3,259,41,True,True,0.8695803871682114,4.80285099998945
M000105,Street Food,Tier 3,519,49,True,False,0.5187238580679407,3.391183330891332
M000106,QSR,Tier 1,2911,43,False,True,0.8011490223299932,1.0594758973820788
M000107,Fine Dining,Tier 1,89,36,True,True,0.8185711311962011,2.411509402017336
M000108,Cafe,Tier 3,2230,21,True,True,0.9012964390104389,1.5722427288188308
M000109,QSR,Tier 2,2909,39,True,False,0.943288979595647,4.698534710390813
M000110,QSR,Tier 1,337,41,True,True,0.7332085939012215,1.4160498171403213
M000111,QSR,Tier 3,16,23,True,False,0.9448460365236557,2.55082665252435
M000112,QSR,Tier 1,162,48,True,True,0.8946916066236298,1.9043967745067687
M000113,Street Food,Tier 1,2822,33,False,True,0.7830317037980308,4.386887961586933
M000114,Cafe,Tier 2,389,11,False,True,0.8602397690765751,2.234265990355668
M000115,Cloud Kitchen,Tier 2,90,32,True,False,0.7484501029612176,4.9675739325705806
M000116,Cafe,Tier 2,189,13,False,False,0.6077023637738972,1.1544664224490035
M000117,Cafe,Tier 1,1423,32,True,True,0.7510789492089063,1.5131070898502634
M000118,QSR,Tier 3,916,10,True,False,0.8155635527566175,1.8985551057164365
M000119,Cafe,Tier 1,281,33,True,True,0.8197186830290486,4.244424160800637
M000120,Cloud Kitchen,Tier 1,232,21,True,False,0.5682460075731134,4.5140688362560635
M000121,Cafe,Tier 3,224,20,False,False,0.7521290688458249,1.2858055224376894
M000122,Cafe,Tier 3,101,27,True,True,0.7685325184630033,1.1298405670491056
M000123,QSR,Tier 3,4550,35,False,True,0.8930180445666185,3.9782274284183172
M000124,QSR,Tier 3,248,7,True,False,0.5302498548619929,1.533408027014454
M000125,QSR,Tier 2,2504,25,True,False,0.9539459979796747,1.5319943482985567
M000126,Fine Dining,Tier 2,3951,30,True,True,0.6166439264527607,1.089466137977717
M000127,Cafe,Tier 1,1803,40,True,True,0.5265627144638463,1.1992315103336875
M000128,Cafe,Tier 2,211,46,True,True,0.38278099972204566,2.0547018343819565
M000129,QSR,Tier 1,739,41,False,True,0.628617673806953,1.2600219576432252
M000130,Cloud Kitchen,Tier 1,389,26,True,False,0.8141966985526641,2.4755163666371023
M000131,Fine Dining,Tier 2,104,46,False,False,0.30971488896909743,4.331100124909396
M000132,QSR,Tier 2,656,16,False,True,0.780382608667778,2.3052810292863706
M000133,QSR,Tier 1,68,46,True,True,0.6051025922937653,3.9113366503174865
M000134,QSR,Tier 1,2395,17,False,True,0.7337130271298147,1.3756398593241204
M000135,Street Food,Tier 2,200,15,False,True,0.14418099751433805,3.6375007496779714
M000136,QSR,Tier 1,545,20,True,True,0.7161216272322669,2.26698873302974
M000137,Cloud Kitchen,Tier 3,617,12,False,True,0.6530761924099363,3.9990115147881524
M000138,Cloud Kitchen,Tier 2,273,44,False,True,0.5823936453639265,1.5450080562255275
M000139,Fine Dining,Tier 2,972,44,True,True,0.960661001202291,4.591533511057928
M000140,Street Food,Tier 2,197,49,True,True,0.731085109088831,1.9703088115917464
M000141,Street Food,Tier 3,1490,6,False,True,0.8554122998582646,2.412551173124706
M000142,QSR,Tier 1,53,34,True,True,0.9369420584713404,4.800722843272167
M000143,Fine Dining,Tier 2,487,34,True,True,0.4915953992936705,3.3139294389234357
M000144,QSR,Tier 2,7393,16,True,True,0.8598522631263029,2.463086075852088
M000145,QSR,Tier 1,89,14,False,True,0.640715299503525,4.798408588134526
M000146,QSR,Tier 3,145,48,True,True,0.9661444110449033,2.316309667560128
M000147,Cloud Kitchen,Tier 3,872,15,False,False,0.7814115730160588,1.379482850700719
M000148,Cloud Kitchen,Tier 2,528,19,True,False,0.49884932784417263,4.987395551437679
M000149,QSR,Tier 3,682,20,True,False,0.8767473456868863,2.0713796822356554
M000150,QSR,Tier 3,840,21,True,True,0.5808924460427979,4.40503139479843
M000151,Street Food,Tier 2,1045,30,True,False,0.8294239257593483,1.662163179292349
M000152,QSR,Tier 3,2131,6,True,False,0.7435140535644312,3.925415887109512
M000153,QSR,Tier 2,746,16,False,True,0.5108323365025847,3.097797577889008
M000154,Fine Dining,Tier 2,280,30,False,True,0.6683327761222674,4.923626233160519
M000155,Street Food,Tier 2,1106,27,True,False,0.4244239916136824,3.211321424369598
M000156,QSR,Tier 3,6973,22,True,True,0.8494825387154941,1.1000606075634165
M000157,Cloud Kitchen,Tier 1,330,36,False,True,0.7816024274253408,3.4155119584963516
M000158,Cafe,Tier 3,93,42,False,False,0.6282887254215452,1.5812658253465042
M000159,QSR,Tier 3,2123,7,True,False,0.8741083573501912,4.194163661128348
M000160,Cloud Kitchen,Tier 1,336,42,True,True,0.7802466114381428,4.426272785959596
M000161,Fine Dining,Tier 3,15,7,True,True,0.8124263014732497,2.928374075178857
M000162,Cloud Kitchen,Tier 1,1438,34,False,True,0.8009970098208145,4.1328858282091945
M000163,Cloud Kitchen,Tier 1,180,5,True,False,0.7604320553826797,1.5804429419264205
M000164,Cloud Kitchen,Tier 2,352,34,True,True,0.548935483385423,2.9683127461425842
M000165,QSR,Tier 1,663,49,True,True,0.8422442952276448,2.5757770587623385
M000166,Cafe,Tier 3,536,36,False,False,0.6800383052800513,3.4452695482123255
M000167,QSR,Tier 3,1169,32,True,True,0.6216593961789519,1.17790875521264
M000168,QSR,Tier 2,209,25,True,False,0.7641341593280139,4.008491352994509
M000169,QSR,Tier 1,871,17,True,True,0.8383682022913899,1.3165171578987347
M000170,Cloud Kitchen,Tier 1,273,31,True,True,0.6717183739247522,3.6258860701206594
M000171,Cloud Kitchen,Tier 2,1221,40,True,False,0.44345324392972435,1.0738289021597769
M000172,QSR,Tier 3,1015,11,False,True,0.7771018929181132,4.327552255026918
M000173,Cloud Kitchen,Tier 2,99,26,False,True,0.9573729124519332,1.6987985208951253
M000174,QSR,Tier 1,2056,14,False,True,0.7534162361309331,3.061989903907962
M000175,Cloud Kitchen,Tier 2,180,43,False,False,0.5921163778056306,2.0459716149104774
M000176,QSR,Tier 2,1355,19,True,False,0.6834260813873219,3.890588808244274
M000177,Cloud Kitchen,Tier 3,699,19,False,False,0.9066253032908979,2.285404400758885
M000178,Fine Dining,Tier 1,6356,8,True,True,0.8046468581169447,3.898436774353269
M000179,Street Food,Tier 3,288,36,True,True,0.8090805029752302,2.139484827341906
M000180,QSR,Tier 2,238,27,False,True,0.6874116992110276,4.00989236374304
M000181,QSR,Tier 3,391,10,True,False,0.5777462553379817,1.122421985347617
M000182,QSR,Tier 1,256,28,True,True,0.8803219434823926,2.133245341495394
M000183,Street Food,Tier 2,1339,24,True,False,0.6958362211232004,2.9945340257611157
M000184,Cafe,Tier 3,35,41,True,True,0.7223232912649633,1.180238327678902
M000185,QSR,Tier 1,83,24,True,False,0.9181317957673136,1.7441362454851146
M000186,Cloud Kitchen,Tier 3,81,16,False,False,0.6868622326328032,4.738147926564813
M000187,Cafe,Tier 2,1678,37,False,False,0.8600456277438907,4.9073370607207565
M000188,Cloud Kitchen,Tier 1,5249,32,True,True,0.8295823134354148,3.9589997895619424
M000189,Cloud Kitchen,Tier 1,344,12,True,True,0.9075614418688359,2.0088002024676515
M000190,QSR,Tier 2,313,5,True,True,0.9119068428584494,2.042069781743876
M000191,QSR,Tier 1,448,41,False,True,0.7920115993179331,3.5831614311802915
M000192,Cafe,Tier 2,2304,26,True,True,0.8104979388853727,1.470398466394807
M000193,Street Food,Tier 1,100,10,True,True,0.8267893822049227,4.793237521721466
M000194,Cloud Kitchen,Tier 2,576,25,True,True,0.9434969943953593,1.8992515980407383
M000195,QSR,Tier 1,1742,36,True,False,0.7183122882007138,4.998542501701776
M000196,QSR,Tier 3,855,39,True,False,0.6648261254269167,2.9829351812098417
M000197,Cloud Kitchen,Tier 3,536,19,False,True,0.669496019149773,4.085719955971745
M000198,Cafe,Tier 3,1810,9,True,False,0.707829293296096,1.008736378022229
M000199,Cafe,Tier 2,6,10,True,True,0.7955704537758841,4.554985619006567
M000200,Cafe,Tier 1,1115,29,True,True,0.9380945888234656,2.0800081791223217
M000201,Cloud Kitchen,Tier 3,151,44,True,True,0.8533522389393468,3.671746978192261
M000202,QSR,Tier 1,25,33,True,False,0.9231726066499815,4.225421123174359
M000203,QSR,Tier 1,868,11,True,True,0.6989302143440581,1.6565909622360082
M000204,Cafe,Tier 1,3166,44,True,True,0.8780336631043673,2.770037925316916
M000205,Cloud Kitchen,Tier 2,328,17,True,False,0.8003289607487865,2.9753437626076935
M000206,QSR,Tier 3,1684,42,False,True,0.8148426071649,2.248477861356818
M000207,QSR,Tier 2,4529,22,True,False,0.4510968219603311,2.927023318915926
M000208,Cloud Kitchen,Tier 2,2899,6,False,False,0.7011061503829893,2.270182630621352
M000209,QSR,Tier 1,4721,12,True,False,0.8324112665020593,2.442990980220837
M000210,QSR,Tier 3,1228,15,False,True,0.6617970614678146,3.677324714810956
M000211,Cloud Kitchen,Tier 2,451,37,True,True,0.8537603034806555,3.5303730732199883
M000212,Cloud Kitchen,Tier 2,36,42,False,True,0.6076665791301396,1.929062903190101
M000213,Cloud Kitchen,Tier 1,278,31,True,True,0.8442802564025436,4.589931539181698
M000214,QSR,Tier 3,113,24,True,True,0.5801516920998563,4.4511541826855625
M000215,Cloud Kitchen,Tier 2,10471,16,False,True,0.8572394124175272,3.0363332267598064
M000216,QSR,Tier 1,309,47,True,False,0.5961145410382891,2.7330029707830015
M000217,QSR,Tier 1,485,35,True,False,0.8922816328107873,2.5074239319364353
M000218,Cloud Kitchen,Tier 2,922,31,True,True,0.5820681862911723,3.8290716746657565
M000219,Cloud Kitchen,Tier 2,430,36,True,True,0.6559705693519028,3.686664228837882
M000220,Cafe,Tier 1,5128,14,True,True,0.8111398080036913,1.7847224277519147
M000221,Cloud Kitchen,Tier 3,158,7,True,True,0.31569909387317524,3.685832125201445
M000222,Cloud Kitchen,Tier 1,540,49,True,False,0.7757713877199217,2.00972477640816
M000223,QSR,Tier 2,132,31,False,False,0.8101743259694069,1.0742333460941023
M000224,Fine Dining,Tier 3,55,39,True,False,0.6054536348011624,3.796834710149508
M000225,QSR,Tier 2,161,35,False,False,0.47977826640592147,3.5791744098429983
M000226,QSR,Tier 2,381,19,False,True,0.7845619306554961,2.643237049497366
M000227,Street Food,Tier 1,211,20,True,False,0.7613397834333813,3.1027442236780245
M000228,Fine Dining,Tier 1,142,17,True,True,0.4755425221905553,4.7886767668230386
M000229,Cafe,Tier 3,48,39,True,True,0.37830164026890845,3.3808007236217508
M000230,Cloud Kitchen,Tier 2,356,15,True,True,0.6191984716865948,3.631535741346126
M000231,Cafe,Tier 3,42,25,False,True,0.7613211703649599,1.2556452837965644
M000232,Cloud Kitchen,Tier 1,1261,15,True,True,0.9219709281844981,1.663977842700501
M000233,Cloud Kitchen,Tier 1,456,34,True,True,0.8775499020310592,2.2038091056463527
M000234,Fine Dining,Tier 1,45,39,True,False,0.7514970159505366,3.1575172721125724
M000235,QSR,Tier 2,253,26,True,True,0.6100602649264782,4.106363583933285
M000236,Cloud Kitchen,Tier 1,130,42,True,True,0.6398487413814794,2.284963511154348
M000237,QSR,Tier 3,651,35,True,True,0.6451465271449135,2.4255297219150957
M000238,QSR,Tier 2,3012,18,False,False,0.9137869889571126,2.0246035406949954
M000239,Cloud Kitchen,Tier 3,24,28,True,True,0.31419291318055836,2.0184373171812235
M000240,QSR,Tier 1,479,36,True,False,0.8823685985338731,4.795455383579187
M000241,Street Food,Tier 3,317,40,False,False,0.7653992047368848,3.54182871847556
M000242,Street Food,Tier 3,1104,36,True,True,0.8957689988928584,1.6236049741597873
M000243,Street Food,Tier 3,555,19,False,False,0.8709928436738853,3.8889943123370396
M000244,Fine Dining,Tier 3,130,47,False,True,0.544864226661389,3.888084573440116
M000245,QSR,Tier 3,249,39,True,True,0.6918913059082135,3.66588078421482
M000246,Street Food,Tier 2,122,7,False,False,0.8474692730985304,1.5388817803626544
M000247,Fine Dining,Tier 1,2026,20,True,True,0.5522775503773292,2.6319659338783477
M000248,Street Food,Tier 1,416,9,False,True,0.8215259676320231,1.4270253219776525
M000249,Street Food,Tier 3,6986,25,True,True,0.9106827477430959,4.2664820163685455
M000250,Cafe,Tier 2,368,14,True,True,0.5300941976773498,3.620688572711677
M000251,QSR,Tier 3,139,23,False,False,0.8265201464133345,3.0288157470712735
M000252,Fine Dining,Tier 2,41,29,False,True,0.8071279184903488,2.3720619060023864
M000253,Cafe,Tier 1,26,8,False,False,0.8193489236893244,1.7369978979777336
M000254,QSR,Tier 1,37,33,True,True,0.8489283354067843,1.4257903553324316
M000255,QSR,Tier 2,602,23,False,False,0.9399510765135939,4.876962430147598
M000256,Cloud Kitchen,Tier 2,865,47,True,True,0.7794411443615923,1.7985945678240922
M000257,Street Food,Tier 1,37,6,False,True,0.454068769185832,1.2394985068855426
M000258,Cloud Kitchen,Tier 2,1544,14,True,False,0.7617662703263116,4.846667088729985
M000259,Cloud Kitchen,Tier 1,195,47,True,True,0.6652820619772126,3.1958069654313084
M000260,QSR,Tier 2,502,29,True,True,0.6650285098578542,4.1866269399645715
M000261,Cloud Kitchen,Tier 1,4529,24,True,True,0.8179482046694171,1.1750633887932742
M000262,Street Food,Tier 3,1548,23,False,False,0.8663518894191954,3.2677834299186186
M000263,QSR,Tier 1,269,27,True,True,0.602212691317573,2.5928398564719806
M000264,Cloud Kitchen,Tier 2,105,28,True,False,0.8935169177522359,4.087857737399534
M000265,Cafe,Tier 1,15,15,True,True,0.528295032003514,1.1537025825562344
M000266,Cloud Kitchen,Tier 1,137,38,False,True,0.857515629476831,2.6067622742464573
M000267,Cloud Kitchen,Tier 1,293,32,True,False,0.8354995857773626,4.196293677944784
M000268,Cloud Kitchen,Tier 2,91,9,True,False,0.795920698172442,3.09078905855348
M000269,Fine Dining,Tier 2,331,9,True,False,0.7161974121676986,3.200154963994416
M000270,QSR,Tier 1,452,25,True,False,0.7189811185197691,1.388658727863862
M000271,Cafe,Tier 2,287,16,True,True,0.89735459187021,1.5293222244803655
M000272,Cafe,Tier 3,152,8,True,True,0.7878718844780983,3.7079984214631434
M000273,Cafe,Tier 3,519,46,True,True,0.73732046355352,3.7001864891596794
M000274,Street Food,Tier 1,782,24,False,False,0.6584266884515364,4.916413577009093
M000275,Cloud Kitchen,Tier 2,78,42,False,False,0.71261500896756,3.8478119522622016
M000276,Cloud Kitchen,Tier 1,3348,29,True,True,0.7736138386224867,2.972973983733789
M000277,Cafe,Tier 1,347,18,False,True,0.7799145434017176,4.429311294134211
M000278,Cloud Kitchen,Tier 3,414,15,True,True,0.9056473050909687,1.417891943263745
M000279,Cloud Kitchen,Tier 1,1167,36,True,False,0.6687750164793349,2.797183283585018
M000280,Cafe,Tier 2,572,15,True,True,0.9339645923195742,2.148436443710279
M000281,Cafe,Tier 2,1685,22,True,True,0.7243121392646716,1.4185512277105023
M000282,QSR,Tier 2,620,31,True,True,0.5562370409237407,4.054008338881465
M000283,Fine Dining,Tier 2,160,22,True,False,0.7353701787578271,3.0431681219955355
M000284,QSR,Tier 1,693,27,True,False,0.8724998126260746,3.2270748795899626
M000285,Cloud Kitchen,Tier 1,72,15,True,False,0.7000369188236398,2.645020751641316
M000286,QSR,Tier 2,474,25,True,True,0.7283473866671157,2.841348926410941
M000287,Fine Dining,Tier 1,383,48,True,True,0.87860426568404,1.4640695484920125
M000288,Cloud Kitchen,Tier 1,295,9,True,False,0.9854038513138296,3.6916712971479058
M000289,QSR,Tier 1,332,27,True,False,0.8077678294610647,2.729789438420855
M000290,Cloud Kitchen,Tier 1,23,45,True,True,0.7935568285595881,4.2670702925183335
M000291,QSR,Tier 1,177,29,True,True,0.8146700499559477,1.7851488005723044
M000292,QSR,Tier 1,463,45,False,True,0.6978155245473269,1.820220373675343
M000293,Cafe,Tier 2,512,14,True,True,0.7384929692373807,3.583038286122751
M000294,Fine Dining,Tier 2,86,26,True,False,0.7119619707587093,4.384013693589587
M000295,QSR,Tier 3,2693,23,True,True,0.7968464281696354,2.8887913544727013
M000296,Cloud Kitchen,Tier 1,110,5,True,True,0.5458178108893635,3.9078154749324
M000297,Cafe,Tier 1,1727,11,True,True,0.8993714069890215,4.997319685972343
M000298,QSR,Tier 1,765,8,True,True,0.8740451589750398,4.961062558915712
M000299,Cloud Kitchen,Tier 2,153,5,True,True,0.5338607234729673,3.9773473712868004
M000300,QSR,Tier 2,5784,19,True,True,0.8161774227073461,3.958345958712995
M000301,QSR,Tier 1,67,44,True,True,0.8324057950156617,1.9904755487956227
M000302,Cloud Kitchen,Tier 3,1601,16,True,False,0.6133418325617188,4.334158526175095
M000303,Cloud Kitchen,Tier 1,1809,26,True,True,0.6191180377047671,2.6204085081884823
M000304,Cloud Kitchen,Tier 2,147,26,True,True,0.6595631851649907,4.847975639467291
M000305,Cloud Kitchen,Tier 2,3257,21,True,False,0.8284478694488047,1.325710754827742
M000306,Street Food,Tier 3,277,33,True,False,0.676196728196173,2.743361475490904
M000307,Cloud Kitchen,Tier 2,622,18,True,False,0.6458023260274725,3.2233619507339943
M000308,QSR,Tier 3,596,24,True,True,0.6187931224122518,2.6206248283446594
M000309,Cafe,Tier 1,329,37,True,True,0.21294065115777133,1.8423167620197733
M000310,QSR,Tier 3,1361,47,True,True,0.8234363861097674,3.3719539551300395
M000311,Fine Dining,Tier 1,1326,19,False,True,0.6781996092783005,4.02367165850055
M000312,QSR,Tier 3,29,16,True,True,0.5295291927597231,3.5793543840807858
M000313,QSR,Tier 2,2854,44,False,False,0.9061434602576875,1.937795395232158
M000314,Street Food,Tier 3,33,24,True,True,0.8500782713640246,3.9264317774740958
M000315,Cafe,Tier 2,1898,34,True,True,0.7878859222821576,2.027591224178253
M000316,Cloud Kitchen,Tier 2,2186,42,True,True,0.7416938611750069,1.70080945169616
M000317,Fine Dining,Tier 2,78,7,True,True,0.7515430943393664,3.7626720617548886
M000318,QSR,Tier 2,217,32,True,False,0.6812696785182372,4.371148984455717
M000319,QSR,Tier 1,76,30,True,True,0.7703595495218143,2.9261577907862977
M000320,QSR,Tier 1,292,34,True,False,0.8571778414158547,3.125567172553751
M000321,Cloud Kitchen,Tier 1,254,17,True,False,0.7477698974371162,2.21099028188493
M000322,Cloud Kitchen,Tier 1,1299,17,False,True,0.8170451815712287,2.978472060440129
M000323,Cloud Kitchen,Tier 3,2879,6,False,True,0.7328422551363999,1.5279319920496288
M000324,QSR,Tier 1,3273,41,True,False,0.8760678912974138,4.82332331873196
M000325,Street Food,Tier 3,173,42,True,False,0.3309615230974483,4.2014426146263855
M000326,Cloud Kitchen,Tier 1,294,6,True,True,0.8196479037859312,3.671892243288739
M000327,Cloud Kitchen,Tier 1,32,40,True,False,0.7956525322482613,3.152777486737612
M000328,Cloud Kitchen,Tier 3,120,30,True,True,0.7296693785190228,4.1686765449118575
M000329,Fine Dining,Tier 2,1715,15,False,False,0.8713882265401317,2.9790289583432172
M000330,QSR,Tier 2,4552,12,True,True,0.7677902615866553,2.19989563261813
M000331,Fine Dining,Tier 2,63,48,True,True,0.9875475481617056,1.6414969406666882
M000332,Cafe,Tier 2,165,44,True,False,0.5569206384846003,3.590342355207229
M000333,QSR,Tier 1,387,47,False,True,0.6031369423664824,4.717702980106056
M000334,QSR,Tier 3,614,26,True,True,0.7835059571168118,1.6144742140174047
M000335,QSR,Tier 3,119,24,True,True,0.9695393342816129,1.720072180203227
M000336,QSR,Tier 2,762,12,False,False,0.9142815287886465,2.7344241336381403
M000337,Cafe,Tier 1,198,33,True,False,0.4734866086109223,4.227597391678756
M000338,Cloud Kitchen,Tier 2,394,44,False,False,0.8893970538047764,2.1756909158860185
M000339,Fine Dining,Tier 1,915,30,True,True,0.9958116316282404,2.0156516986801125
M000340,QSR,Tier 1,407,34,False,False,0.715467512035735,3.4798651658513355
M000341,Fine Dining,Tier 1,209,21,True,True,0.468189129852635,3.1424591274973275
M000342,Fine Dining,Tier 2,342,24,True,True,0.5967356647219464,1.240881457780945
M000343,QSR,Tier 3,353,20,False,False,0.8724555887889348,1.3259599092371062
M000344,Fine Dining,Tier 2,231,47,True,True,0.4947776816949769,3.5720519207390646
M000345,Fine Dining,Tier 2,273,11,True,True,0.9346307938468431,2.8604943965911183
M000346,Cloud Kitchen,Tier 2,4438,20,True,True,0.36064460287110617,4.883908766356588
M000347,Cloud Kitchen,Tier 1,935,49,True,True,0.8645368082161383,3.714125642920259
M000348,QSR,Tier 1,258,31,True,False,0.7379072452310232,1.0402946479729258
M000349,Fine Dining,Tier 3,1147,27,True,True,0.891868694747924,2.9240751192018473
M000350,Cloud Kitchen,Tier 1,244,28,True,False,0.6544726969193699,2.657791740141918
M000351,Cloud Kitchen,Tier 3,2344,13,True,True,0.692778513748234,1.4268554399750748
M000352,Cafe,Tier 2,702,39,True,True,0.799942586348137,4.69283534348876
M000353,Cloud Kitchen,Tier 2,343,24,True,True,0.5017956063544479,4.220045196326895
M000354,QSR,Tier 2,789,41,False,False,0.7377292250423022,1.9203436336800075
M000355,QSR,Tier 2,38,46,False,False,0.6944883816484215,2.023923035371989
M000356,Cloud Kitchen,Tier 3,74,21,False,False,0.4086811457676074,1.1280722132778038
M000357,QSR,Tier 3,67,35,True,False,0.6862246298181998,2.186869806316164
M000358,Cloud Kitchen,Tier 2,499,12,True,True,0.8992675224844904,3.3384880356534143
M000359,Street Food,Tier 1,5424,19,True,False,0.9311506734676309,2.683373553546673
M000360,Cloud Kitchen,Tier 2,11463,35,True,False,0.6783731365341544,4.877021854878723
M000361,Fine Dining,Tier 3,1050,34,True,False,0.8035505240980911,1.2243206770546835
M000362,Cloud Kitchen,Tier 1,855,24,True,True,0.8869875992026326,3.3657206355960425
M000363,Fine Dining,Tier 2,27,43,True,True,0.787980529368856,4.433237762028192
M000364,Cloud Kitchen,Tier 2,178,16,False,False,0.5904517378357083,2.9229636496388904
M000365,Street Food,Tier 2,123,21,True,False,0.6105487322047563,1.0118508822415873
M000366,Fine Dining,Tier 1,158,46,True,True,0.7397120426432358,1.9712059993051008
M000367,Street Food,Tier 2,313,34,True,False,0.674193827134176,2.2950759026718646
M000368,Street Food,Tier 3,198,33,True,False,0.9334731893410453,4.863977978229849
M000369,QSR,Tier 1,20,23,False,True,0.5234931266647892,4.647093127354798
M000370,QSR,Tier 1,1238,15,True,False,0.687326658341085,4.796682020430522
M000371,QSR,Tier 3,80,38,True,True,0.7894954366734229,4.303033830467873
M000372,QSR,Tier 1,577,11,True,True,0.5844316318411409,2.4065909364556175
M000373,QSR,Tier 3,9055,48,True,True,0.7487838660148489,4.623505688384802
M000374,Cloud Kitchen,Tier 2,101,38,True,True,0.7943484977575191,4.926738023748195
M000375,QSR,Tier 1,9,24,False,False,0.5870037070348941,2.4002852490998117
M000376,QSR,Tier 3,262,42,False,True,0.6320086104813004,2.0422238639457957
M000377,Cafe,Tier 2,2103,28,False,True,0.8123024362177826,3.1876651711288853
M000378,QSR,Tier 2,7612,14,True,True,0.7053438661735684,1.74860877039572
M000379,Cafe,Tier 1,63,36,False,True,0.6267548346218625,1.1304968856255209
M000380,QSR,Tier 2,849,19,True,True,0.8725002511604371,4.783324684463478
M000381,QSR,Tier 1,200,41,True,False,0.8143065966137363,4.702962529765677
M000382,Cloud Kitchen,Tier 1,344,24,True,True,0.780303552499077,1.6506154150484842
M000383,Cloud Kitchen,Tier 3,21301,7,True,False,0.4287381615942385,2.6309609877188778
M000384,Cafe,Tier 1,42,41,True,False,0.656262179413436,4.324145253090743
M000385,Cloud Kitchen,Tier 2,590,44,True,True,0.43262100755798316,3.644001195283412
M000386,Cafe,Tier 1,813,12,True,False,0.8879756045167168,2.5791500366828557
M000387,QSR,Tier 3,2056,44,True,True,0.6893304713511167,3.976683988731276
M000388,QSR,Tier 1,467,48,True,True,0.8717334639032752,4.588189552840763
M000389,Cafe,Tier 3,640,27,False,True,0.8188886081219895,4.704633322103472
M000390,Cafe,Tier 2,224,44,False,True,0.5628682889217697,2.515398447688756
M000391,Street Food,Tier 1,604,15,False,True,0.7753286600595544,1.6942427202912755
M000392,Fine Dining,Tier 1,241,12,True,False,0.8228263802130878,4.651355432775901
M000393,Fine Dining,Tier 1,1024,33,True,True,0.9588546515005069,1.370221783444113
M000394,Cafe,Tier 2,231,34,True,False,0.6095617173713144,3.8867535649126546
M000395,QSR,Tier 1,710,14,True,True,0.6635241418076565,1.5619892594432065
M000396,Street Food,Tier 3,386,43,True,False,0.8115658432841157,2.5575474186707687
M000397,Cafe,Tier 2,2184,32,True,True,0.8633781135948032,2.6462229861801094
M000398,Fine Dining,Tier 1,373,40,True,True,0.6701368755688685,1.6350316604483335
M000399,Cafe,Tier 2,28,17,False,True,0.5310217918302687,4.690725736026447
M000400,Cafe,Tier 2,2678,36,True,True,0.9063150695422921,1.010672672037145
M000401,QSR,Tier 1,103,40,True,True,0.8219538248051189,4.575234172866523
M000402,Street Food,Tier 1,151,41,True,False,0.35571734263579824,4.535317293901942
M000403,Cloud Kitchen,Tier 1,165,30,False,True,0.7158081654320319,2.2678546147920065
M000404,Cafe,Tier 2,3170,26,False,False,0.7567033795403103,3.817137079517102
M000405,QSR,Tier 2,16,8,False,False,0.798428703492311,2.011235645193262
M000406,Cafe,Tier 2,44650,35,False,False,0.7319820913926783,4.035094249015754
M000407,Fine Dining,Tier 3,1966,22,True,True,0.8314256575924969,3.2444789671509735
M000408,QSR,Tier 3,563,42,True,True,0.5368871799427208,2.2009018169906334
M000409,Street Food,Tier 2,371,28,True,False,0.6048161584154415,2.6009390145506184
M000410,QSR,Tier 3,619,27,True,False,0.8235737326002105,3.759554928953614
M000411,QSR,Tier 1,881,26,True,True,0.8707739806519537,4.624389798575132
M000412,Street Food,Tier 1,1061,6,True,True,0.60597487501433,1.5229060662690985
M000413,Street Food,Tier 1,928,35,False,True,0.7553472869978786,3.2854558786766286
M000414,Cloud Kitchen,Tier 1,461,15,False,True,0.7789208600245173,2.01491679782847
M000415,Cloud Kitchen,Tier 2,300,32,False,False,0.8912021743508621,4.205488999501837
M000416,Fine Dining,Tier 3,321,36,False,True,0.7764256444696747,1.2809492234779243
M000417,QSR,Tier 1,301,9,True,True,0.7740393612719195,3.7558231606846793
M000418,QSR,Tier 1,2209,42,True,True,0.8848041051028023,1.6997840547641192
M000419,Cloud Kitchen,Tier 2,982,14,True,True,0.8637017205815274,3.385541673612917
M000420,Cafe,Tier 3,4,44,True,False,0.43044227251601075,4.3427703487707685
M000421,Cafe,Tier 1,1079,28,True,False,0.7945887420721409,4.020322648486719
M000422,Cafe,Tier 2,540,39,True,True,0.9174235904106386,4.011771550734549
M000423,QSR,Tier 1,392,48,False,False,0.3950127975424286,3.071381248747621
M000424,Fine Dining,Tier 1,225,27,True,True,0.9155111138355987,4.562982367398885
M000425,QSR,Tier 3,2178,21,True,True,0.5238215233326485,3.3524207929679917
M000426,Cloud Kitchen,Tier 3,1671,5,True,True,0.6924031778732024,4.670071874198282
M000427,Fine Dining,Tier 1,126,35,True,True,0.5864091178954624,3.1860898313296704
M000428,Cafe,Tier 3,742,35,True,True,0.8679366338094309,3.023862252080012
M000429,Fine Dining,Tier 2,93,46,True,True,0.7535430169166828,1.889412076841258
M000430,QSR,Tier 3,50,46,False,False,0.7666485368493167,3.17914661612082
M000431,QSR,Tier 2,157,38,True,True,0.6704595836218317,1.562339324995588
M000432,Cafe,Tier 2,1470,13,True,False,0.5713949444539664,4.478760805038181
M000433,Cloud Kitchen,Tier 2,1685,26,True,True,0.79102976403027,3.7035675548331737
M000434,QSR,Tier 2,870,17,True,False,0.6077112129040578,4.974541793971768
M000435,QSR,Tier 1,1197,29,False,False,0.7644979895062761,1.3683897111620924
M000436,Cloud Kitchen,Tier 1,875,22,True,True,0.8873402618038476,1.9626909993811474
M000437,QSR,Tier 1,154,16,False,False,0.4344023148493224,4.508634417064557
M000438,Cafe,Tier 2,771,44,True,True,0.8440161478063485,2.5810163990756707
M000439,Cloud Kitchen,Tier 1,1340,21,False,False,0.3227481949036647,2.8652119599275903
M000440,QSR,Tier 2,1250,19,True,True,0.5544970362840554,4.442607549550468
M000441,QSR,Tier 3,2400,46,True,False,0.9361239131387269,3.087292899799809
M000442,Street Food,Tier 1,1167,19,True,False,0.8946690423425007,1.7739033976574725
M000443,Fine Dining,Tier 2,683,19,True,True,0.8396236378027166,4.568120461639124
M000444,Fine Dining,Tier 2,2008,43,True,True,0.59702401449305,1.124246625692134
M000445,Cafe,Tier 3,387,17,True,False,0.7278034574041292,4.581585070573773
M000446,Street Food,Tier 1,107,21,True,True,0.7003128050239977,1.2020809066893388
M000447,Street Food,Tier 2,315,36,True,True,0.7837037842168328,3.6633974584005125
M000448,Cafe,Tier 3,131,13,True,True,0.398462140608742,1.2867175187013387
M000449,Fine Dining,Tier 3,146,44,False,True,0.608962913447658,3.824851943860262
M000450,QSR,Tier 2,324,24,True,False,0.6059277487647303,1.1358852853318036
M000451,Cafe,Tier 2,122,30,True,True,0.8036143974704663,4.369830910843151
M000452,Cloud Kitchen,Tier 2,254,31,True,True,0.8114718023416168,2.863775803719939
M000453,Fine Dining,Tier 3,23,25,False,False,0.6239834534080957,1.3738156506755117
M000454,Street Food,Tier 2,555,22,True,False,0.41415831415472176,3.8272777800405757
M000455,QSR,Tier 1,404,17,True,True,0.6315578210945905,2.95716063001505
M000456,Fine Dining,Tier 3,118,20,False,True,0.8959019149088878,1.7637954355017715
M000457,QSR,Tier 2,1084,13,True,False,0.8807554838870918,1.062689495554903
M000458,Fine Dining,Tier 2,1646,16,True,False,0.5926736406922727,2.6719930389021487
M000459,QSR,Tier 1,36,48,True,True,0.6757507778227024,1.3425169229141423
M000460,QSR,Tier 2,128,42,True,True,0.8061076162302109,1.3766787929889488
M000461,QSR,Tier 1,127,23,True,True,0.6523222529139315,2.0693181934507074
M000462,Cloud Kitchen,Tier 2,98,11,True,True,0.576643322849103,3.521833188969697
M000463,Cloud Kitchen,Tier 1,1399,39,True,True,0.6045665802356824,3.1196424342437967
M000464,Cloud Kitchen,Tier 2,301,22,False,False,0.9342851037756223,1.2759492330347224
M000465,Street Food,Tier 3,271,20,True,True,0.595308637345767,4.873725103569879
M000466,Fine Dining,Tier 1,19,43,True,False,0.8659184794605636,4.548674753178364
M000467,QSR,Tier 3,1046,8,True,True,0.6507002448159147,2.036901948580633
M000468,Cafe,Tier 2,62,29,True,False,0.5932573031285309,1.489354303848565
M000469,QSR,Tier 3,441,36,True,False,0.5113413218153031,4.769611459027961
M000470,Street Food,Tier 3,611,44,True,True,0.5941569492098592,2.8445671115227995
M000471,QSR,Tier 2,3105,17,False,True,0.7504464186626293,2.244667859085743
M000472,Street Food,Tier 2,56,49,False,True,0.8177986225925166,2.9614321406607496
M000473,QSR,Tier 3,4,21,True,False,0.644981174300126,4.090976578185648
M000474,Cafe,Tier 2,531,41,True,False,0.3908386277032793,1.673541193212218
M000475,Cloud Kitchen,Tier 1,6007,10,True,True,0.7081777380301187,4.069983334037229
M000476,Street Food,Tier 2,2587,23,True,True,0.8096830263178796,3.9977871517354617
M000477,QSR,Tier 3,552,17,True,True,0.9183394509085571,3.157392819363519
M000478,Cloud Kitchen,Tier 3,192,30,True,False,0.8430011892331363,4.463369154998327
M000479,Street Food,Tier 3,1353,18,True,True,0.8672557390827929,1.5285735126794422
M000480,Cloud Kitchen,Tier 2,93,35,False,True,0.8604950122470066,3.3819160266626924
M000481,Cloud Kitchen,Tier 3,824,8,False,True,0.7004316940251684,2.7973722100072864
M000482,Cloud Kitchen,Tier 1,861,43,True,True,0.7556986790894481,2.6891684513433267
M000483,Fine Dining,Tier 2,1978,12,True,False,0.5805886440364648,2.0102442850781017
M000484,Cloud Kitchen,Tier 1,25323,29,True,True,0.5464935816481167,2.489118627239632
M000485,Cloud Kitchen,Tier 1,726,17,True,False,0.6021000610539305,1.432603024094663
M000486,Street Food,Tier 1,188,36,True,True,0.5658071847984919,2.006395879059301
M000487,QSR,Tier 1,388,42,True,True,0.8832315268925832,2.0878604311123303
M000488,QSR,Tier 2,28,42,True,False,0.8259059037467652,3.8826714698405578
M000489,Street Food,Tier 1,142,32,True,False,0.4328526849876717,1.1942017088354526
M000490,Cafe,Tier 2,218,34,True,False,0.7956198983623203,3.604769232603443
M000491,Fine Dining,Tier 1,183,7,True,True,0.7591989467327116,1.8856396391727595
M000492,Cloud Kitchen,Tier 1,507,32,True,True,0.42241336285295056,1.3274460236651757
M000493,QSR,Tier 1,117,7,False,False,0.7972172165372178,2.2032246443417365
M000494,QSR,Tier 1,2167,49,True,True,0.72129482108677,1.8978914777144111
M000495,Fine Dining,Tier 2,403,38,True,True,0.9364029351984986,3.2081295033594
M000496,Fine Dining,Tier 2,397,20,True,False,0.7065736408690646,2.4295056137918496
M000497,Cloud Kitchen,Tier 2,246,26,True,False,0.8261634522808755,4.863974969633304
M000498,QSR,Tier 2,509,36,True,False,0.8139420540033402,4.854198397563403
M000499,Street Food,Tier 1,1390,42,True,False,0.6717944040937134,2.774861076480958
M000500,Street Food,Tier 3,109,12,True,False,0.6166308279858385,4.180349842641038
M000501,Cloud Kitchen,Tier 2,150,12,False,True,0.8903317096315702,1.0530741634435001
M000502,Cloud Kitchen,Tier 2,255,10,True,True,0.7030240273186081,3.1912463388992105
M000503,QSR,Tier 1,53,18,True,True,0.7522253217487779,3.9731966892279162
M000504,Cafe,Tier 1,118,36,True,True,0.7086813175696374,1.8677729016293436
M000505,Cloud Kitchen,Tier 1,197,39,True,True,0.5166122951929435,1.244687020663775
M000506,QSR,Tier 1,1497,14,True,True,0.5261631998917833,1.6236757436258236
M000507,Street Food,Tier 2,598,7,True,True,0.7083073709850307,2.767392348695428
M000508,Cafe,Tier 2,539,16,True,True,0.7624961381165384,3.025485683025048
M000509,Street Food,Tier 2,1445,35,True,True,0.6990298022235788,2.523540488435074
M000510,Cloud Kitchen,Tier 3,328,33,True,True,0.9709317912018036,2.75989506816952
M000511,Cloud Kitchen,Tier 3,724,9,True,True,0.6986240286705879,2.880939838437125
M000512,Fine Dining,Tier 2,345,29,True,False,0.660893599321768,4.0777466464043854
M000513,Street Food,Tier 3,600,45,True,True,0.744558381801077,1.4209675923106095
M000514,Cafe,Tier 1,168,35,False,True,0.5549335246350996,4.075801868637583
M000515,QSR,Tier 1,10,25,True,False,0.7887464109149578,3.7545092091799925
M000516,QSR,Tier 1,329,24,True,True,0.7202163830396722,3.9666432379052723
M000517,Fine Dining,Tier 2,3408,43,True,True,0.22281849148800187,3.9378735435012913
M000518,Cafe,Tier 3,1618,26,True,True,0.8239832510319853,2.8823672632071347
M000519,Street Food,Tier 1,1716,8,True,True,0.7054162637980315,1.8456007382436002
M000520,QSR,Tier 3,2576,17,False,False,0.9321711964716972,3.146515617207216
M000521,Cloud Kitchen,Tier 1,460,49,True,True,0.8521810940435977,4.831928214436399
M000522,Fine Dining,Tier 3,542,46,True,False,0.5652062509041265,3.354102725573455
M000523,Street Food,Tier 1,159,24,True,True,0.853850738576266,1.0441885808511104
M000524,Cafe,Tier 1,251,17,True,True,0.8802856720497674,1.2388436195055625
M000525,Cafe,Tier 2,1016,21,True,True,0.9459786590841915,4.97145373441421
M000526,Fine Dining,Tier 1,2454,40,True,True,0.44665404113895313,1.2877854369577615
M000527,Fine Dining,Tier 1,327,37,True,True,0.6404249240189615,1.1841806401795942
M000528,QSR,Tier 1,205,5,True,True,0.5900054824838197,2.4120970774346215
M000529,QSR,Tier 3,403,19,True,True,0.46510672491998484,4.877268813077347
M000530,Cafe,Tier 2,994,17,True,False,0.9882779242495447,2.274700614931463
M000531,Cafe,Tier 1,46,21,True,True,0.5890156262510167,2.6395365235010826
M000532,Street Food,Tier 2,12,28,True,False,0.8167224448251739,3.536308244834262
M000533,Street Food,Tier 2,176,12,True,False,0.8434809707635057,1.0964473573055913
M000534,Cloud Kitchen,Tier 1,64,31,True,True,0.43435074601427076,4.591054310076752
M000535,Cafe,Tier 2,188,49,True,True,0.8884863588219681,3.0777720702177285
M000536,Street Food,Tier 1,323,27,True,True,0.6710689955660958,2.867243624016232
M000537,Cafe,Tier 1,204,12,True,False,0.765313841513964,4.442906648826522
M000538,QSR,Tier 2,3564,12,True,True,0.6862627587806542,4.812306357432085
M000539,Fine Dining,Tier 1,658,30,True,False,0.7069009283263624,2.693700926587339
M000540,QSR,Tier 2,633,17,False,True,0.8434272313960733,1.6897643171729229
M000541,Street Food,Tier 2,1025,43,True,False,0.7985211361707303,4.262837080008292
M000542,Cloud Kitchen,Tier 1,73,41,True,True,0.5687693286780736,2.6130416848899487
M000543,QSR,Tier 2,1917,32,True,False,0.7511971961040649,4.742182158047065
M000544,Cloud Kitchen,Tier 1,360,29,True,True,0.7717779144417933,4.799595935323932
M000545,Cloud Kitchen,Tier 3,1102,20,True,True,0.656757067040383,1.459316126885478
M000546,Fine Dining,Tier 2,80,6,True,True,0.7817460317634608,4.826215869331405
M000547,QSR,Tier 3,39,22,False,True,0.5544375181079478,2.473081301780484
M000548,Cloud Kitchen,Tier 2,1375,21,True,False,0.797910013567621,3.585010070628762
M000549,Cloud Kitchen,Tier 1,709,34,True,True,0.384422191811032,1.1390003269361841
M000550,Cafe,Tier 2,104,43,True,True,0.6008213408456734,4.55553709633533
M000551,Cloud Kitchen,Tier 3,109,17,True,True,0.3793739244258067,3.5663893173794596
M000552,Cafe,Tier 2,2182,36,True,True,0.8448203588175556,3.5742178678256766
M000553,Cloud Kitchen,Tier 3,67,33,False,True,0.6416949743331508,4.608704639909935
M000554,Cloud Kitchen,Tier 3,4741,34,True,False,0.47523110600523377,3.0333886996293726
M000555,Cafe,Tier 1,104,22,True,True,0.9528335115652237,2.642066561450202
M000556,Fine Dining,Tier 1,1051,17,False,False,0.8733379486783058,4.464515009169265
M000557,QSR,Tier 2,246,47,True,True,0.9559650226859726,3.969682047485593
M000558,QSR,Tier 2,997,25,True,True,0.8987766744030861,4.795902659859604
M000559,Cafe,Tier 3,178,34,True,False,0.911627553589824,4.760487573242131
M000560,Cloud Kitchen,Tier 3,316,25,True,False,0.9124375306396113,2.529304658240961
M000561,Cloud Kitchen,Tier 1,428,21,True,True,0.7525759868250498,2.7879451605656715
M000562,QSR,Tier 1,89,44,True,False,0.8262022394585826,2.023939815163114
M000563,QSR,Tier 3,1225,23,False,True,0.7024808746738053,3.6425915565542706
M000564,QSR,Tier 1,186,19,True,True,0.632759590685563,2.4581678803555462
M000565,Fine Dining,Tier 3,286,13,True,False,0.8188698248112256,4.144402586430685
M000566,Cloud Kitchen,Tier 2,90,14,True,True,0.8786081284523575,1.4862030429236421
M000567,Fine Dining,Tier 2,8,48,True,True,0.40561175497281016,1.4656114046629836
M000568,Fine Dining,Tier 1,302,35,True,False,0.8644923677520688,1.8178215256775876
M000569,Street Food,Tier 2,15046,27,True,False,0.9273641944237883,1.337168753749654
M000570,QSR,Tier 2,1308,34,True,True,0.6537221252984513,3.480126430712939
M000571,Cloud Kitchen,Tier 2,391,37,False,True,0.5074994835555847,1.5894110640669545
M000572,Cafe,Tier 1,271,13,False,True,0.7179544518271115,1.639851669870617
M000573,Fine Dining,Tier 2,417,5,False,False,0.8220291076834488,1.056912894916664
M000574,Cloud Kitchen,Tier 3,916,48,True,False,0.9568395488051687,4.128360058494439
M000575,Cafe,Tier 1,68,39,True,True,0.6167380905299527,4.249184221693924
M000576,Street Food,Tier 1,2146,15,True,True,0.9073888900960119,1.6480896654577588
M000577,QSR,Tier 1,1179,38,True,True,0.5973470202229825,3.958097737068898
M000578,Street Food,Tier 2,1184,20,True,False,0.2849035848976474,2.7341804926294384
M000579,Fine Dining,Tier 2,778,13,True,False,0.6493308008720017,1.9583795318615653
M000580,QSR,Tier 2,415,36,True,False,0.8148815748618393,3.4855384322953156
M000581,Fine Dining,Tier 1,1106,19,True,False,0.7768449309416071,1.7139362973883392
M000582,Street Food,Tier 1,980,16,True,True,0.7237876195422744,4.027534430612142
M000583,Fine Dining,Tier 2,237,37,False,True,0.8311264874341526,1.1904609102822068
M000584,QSR,Tier 2,170,49,True,True,0.8852643363371836,4.836523731711658
M000585,Cloud Kitchen,Tier 3,470,18,True,True,0.9235352434101054,1.2875010148344979
M000586,QSR,Tier 1,4119,12,True,True,0.9526310208962032,3.317793676994759
M000587,QSR,Tier 2,62,12,True,True,0.7054851296326073,4.608777160489514
M000588,QSR,Tier 2,44,31,False,False,0.5829755547558096,1.0476178753914014
M000589,QSR,Tier 2,516,16,True,False,0.7369613261693941,2.994057843956228
M000590,QSR,Tier 2,435,5,True,True,0.5020276940074269,2.4000278572427196
M000591,QSR,Tier 2,523,47,True,True,0.7309514907482686,3.321328761031636
M000592,Cloud Kitchen,Tier 3,581,44,False,True,0.8086354581271169,1.9018295469506348
M000593,QSR,Tier 1,288,46,True,False,0.6969638006227997,1.259596868926899
M000594,QSR,Tier 1,3769,15,False,False,0.7096068948597049,3.5037321473948277
M000595,Cafe,Tier 2,36,43,True,True,0.656110548692146,2.66739695797361
M000596,Fine Dining,Tier 2,116,47,True,True,0.5695094950647233,3.4899421548249188
M000597,Cloud Kitchen,Tier 1,345,35,True,True,0.7406397876814131,1.8421565873513717
M000598,QSR,Tier 1,34,21,False,True,0.7614548191211413,2.3549650518139273
M000599,QSR,Tier 1,309,37,True,True,0.704893987926715,3.2467255574584413
M000600,QSR,Tier 3,4876,36,True,False,0.5232491939495209,3.3724511132989092
M000601,QSR,Tier 1,416,33,True,False,0.43919367889941036,2.4892592310970607
M000602,QSR,Tier 1,570,25,True,True,0.5474578001317955,2.1202128224662258
M000603,QSR,Tier 1,60,25,True,False,0.9458857688780611,2.0948025179543834
M000604,QSR,Tier 1,160,44,False,False,0.6836017362430442,1.6987974056835937
M000605,QSR,Tier 1,229,27,True,True,0.7126008057856053,2.3016198493183486
M000606,Fine Dining,Tier 2,250,10,True,True,0.8736922557140424,1.7977613480528798
M000607,QSR,Tier 1,2758,26,True,False,0.933295743254026,3.5352616249197792
M000608,Fine Dining,Tier 3,931,42,True,True,0.7395737914397845,3.2762679929683585
M000609,Cloud Kitchen,Tier 1,76,41,True,False,0.8609355838280555,2.5303552946836803
M000610,Cloud Kitchen,Tier 2,583,49,True,False,0.8002012826507663,2.303320079749578
M000611,QSR,Tier 3,851,12,True,False,0.49351098902861595,1.95045680077857
M000612,Cafe,Tier 2,2231,45,True,False,0.8091542397928114,3.141833235837365
M000613,Cloud Kitchen,Tier 2,4319,39,True,False,0.5861310069327448,4.675611057382753
M000614,QSR,Tier 1,88,15,True,False,0.41113797729550333,3.7428122055557487
M000615,Cafe,Tier 1,119,28,True,True,0.9471180201264612,3.9776588561422694
M000616,Street Food,Tier 2,61,25,False,True,0.5876192074227462,4.337511454625631
M000617,QSR,Tier 3,283,6,False,True,0.8105298019532537,2.406539893351395
M000618,QSR,Tier 2,812,44,False,False,0.6363725361444197,1.2515031284579505
M000619,Cafe,Tier 2,1774,23,False,True,0.6984039592111615,3.490235213286577
M000620,Cloud Kitchen,Tier 2,359,43,True,True,0.7151148711531826,1.7546891649121306
M000621,QSR,Tier 2,249,32,False,True,0.912967506730956,3.276174599982665
M000622,QSR,Tier 1,506,21,True,False,0.8407001810548427,3.958040932628259
M000623,Fine Dining,Tier 2,115,10,True,False,0.6016746065326541,4.134553208591346
M000624,Fine Dining,Tier 3,9267,23,True,False,0.604713164464416,2.207356480990062
M000625,Cloud Kitchen,Tier 1,36,42,True,True,0.6984450365339072,3.0497329302772607
M000626,Fine Dining,Tier 2,532,32,False,False,0.6117064657724808,3.4838603851087693
M000627,Fine Dining,Tier 1,8395,6,False,False,0.7304324861142887,4.277922886802488
M000628,Cloud Kitchen,Tier 2,407,42,True,True,0.6242668550493389,4.045554660419789
M000629,QSR,Tier 1,303,41,False,True,0.35135738819147766,4.951901283909481
M000630,QSR,Tier 2,236,8,True,True,0.781110309563107,1.0323387061200435
M000631,Cloud Kitchen,Tier 3,307,26,True,False,0.8040485680294007,2.749957763452532
M000632,Cafe,Tier 1,3162,30,True,True,0.6688898400162777,2.0241779455045115
M000633,Cloud Kitchen,Tier 2,14,47,True,True,0.7230399461045653,1.4795735485794936
M000634,Cloud Kitchen,Tier 3,4024,40,False,False,0.9774983305406,4.6460613126687385
M000635,QSR,Tier 3,47,17,False,True,0.6440340671026533,4.991848264382745
M000636,Fine Dining,Tier 1,270,36,False,True,0.7648572130577008,1.7223848316188946
M000637,Cloud Kitchen,Tier 1,211,21,True,False,0.6332608158863394,1.1537335712054544
M000638,QSR,Tier 1,975,45,False,True,0.5381672164916724,2.1002177907220014
M000639,QSR,Tier 3,36,40,True,False,0.630861370337969,4.339447672265583
M000640,Fine Dining,Tier 3,806,23,False,True,0.3931903517600699,2.175560332797267
M000641,QSR,Tier 2,8404,39,True,False,0.8139115022198778,1.2276059219904862
M000642,QSR,Tier 3,52,44,True,False,0.8455616601185447,1.2099687358121196
M000643,QSR,Tier 2,536,32,True,True,0.9007892248911152,2.7096912094777457
M000644,QSR,Tier 2,149,5,True,True,0.7286803973476287,4.727302892246479
M000645,QSR,Tier 1,764,46,True,False,0.8538300330652958,2.1436817665585277
M000646,Cafe,Tier 3,415,22,True,False,0.6847685177964004,2.708630722804175
M000647,Cloud Kitchen,Tier 1,154,44,True,False,0.5428990992131092,1.4077352215304342
M000648,Cloud Kitchen,Tier 3,838,37,True,False,0.8056051469285899,2.9742911730759243
M000649,Cafe,Tier 3,6042,16,True,True,0.7506125865823114,3.786188257142816
M000650,Fine Dining,Tier 2,302,12,True,True,0.3918834067241231,2.0846014447088783
M000651,QSR,Tier 1,1187,28,True,False,0.4806348084963492,2.186845234114739
M000652,Cloud Kitchen,Tier 1,57,20,True,True,0.7364015426141163,4.367900101625085
M000653,Cloud Kitchen,Tier 1,96,8,True,True,0.9165904003183197,1.0414548893887083
M000654,Cloud Kitchen,Tier 1,819,42,False,True,0.612916365920656,3.545882834200388
M000655,Fine Dining,Tier 1,3737,48,False,True,0.9750372837735777,2.575538539766468
M000656,QSR,Tier 3,687,31,True,True,0.9153181861476847,2.193522054245876
M000657,QSR,Tier 2,252,13,False,False,0.28816115203200376,3.6303753289755085
M000658,Fine Dining,Tier 1,403,20,False,True,0.9084192271531129,4.338674087158821
M000659,Cloud Kitchen,Tier 1,61,16,False,True,0.5978922542362206,3.2335684653146948
M000660,Cloud Kitchen,Tier 2,999,35,True,False,0.7333612435877975,1.124378487772224
M000661,Fine Dining,Tier 2,1515,28,True,False,0.8301239521373354,2.8456047633023043
M000662,Street Food,Tier 2,204,18,True,True,0.9395438565352633,2.8510397635758924
M000663,Cloud Kitchen,Tier 3,199,49,True,True,0.9728122390704895,3.1751939792184314
M000664,QSR,Tier 2,601,29,True,False,0.8565844875683724,3.683835604174209
M000665,QSR,Tier 3,209,38,True,False,0.9142387361201196,1.0772736141373618
M000666,QSR,Tier 3,365,7,False,False,0.7022904663738837,3.008050497599002
M000667,QSR,Tier 1,9410,28,False,False,0.6224920755348637,3.353231077522363
M000668,QSR,Tier 3,278,46,True,False,0.8505851968120659,2.373413545664208
M000669,QSR,Tier 1,235,13,True,True,0.8071203236621024,3.6734609063617323
M000670,QSR,Tier 3,152,30,True,False,0.8979036977519719,1.9127108685166845
M000671,QSR,Tier 1,1231,24,False,True,0.7111839148518531,2.2694893322698064
M000672,Cafe,Tier 3,307,44,True,False,0.7431950836705291,4.851021389697304
M000673,QSR,Tier 3,152,14,True,False,0.582507750491199,2.3922814834445605
M000674,Cloud Kitchen,Tier 3,2927,23,True,True,0.7580925475795177,2.38600354946298
M000675,Fine Dining,Tier 3,3392,7,True,True,0.5936228419771505,3.382722543292461
M000676,Street Food,Tier 1,163,28,True,True,0.7073960836359089,4.883901319440241
M000677,QSR,Tier 1,24,9,True,True,0.8919461951577736,4.932321783812002
M000678,Fine Dining,Tier 2,1828,7,False,False,0.6696734632404616,3.3186318547052642
M000679,Street Food,Tier 1,144,31,False,True,0.4605006858450972,1.0043480792197301
M000680,Cafe,Tier 2,1320,20,False,False,0.9729515031001494,4.602626203073599
M000681,Cafe,Tier 1,21,19,False,True,0.8889474224321358,3.2809518583081925
M000682,QSR,Tier 3,1539,39,True,False,0.4541878642065648,2.4639856331597434
M000683,QSR,Tier 2,65,16,True,False,0.821402756568368,4.3167805640637535
M000684,Cloud Kitchen,Tier 3,1207,45,True,False,0.44296509122487154,2.5993298374008202
M000685,Street Food,Tier 1,412,48,False,True,0.6691405756593435,1.1361780248010587
M000686,Cloud Kitchen,Tier 3,96,30,True,False,0.8665329731067469,4.284288892228075
M000687,Cloud Kitchen,Tier 3,219,38,True,True,0.7033752624557743,3.183437604079049
M000688,QSR,Tier 2,1129,27,True,True,0.48208581480865964,2.3525741528967847
M000689,Cafe,Tier 2,472,35,True,True,0.931211868579494,2.003569505415405
M000690,QSR,Tier 3,969,24,True,True,0.92286178473294,3.3751898376617024
M000691,QSR,Tier 1,7821,16,True,False,0.690806816149593,1.8321981929004005
M000692,Fine Dining,Tier 2,38,27,True,True,0.7407801644354102,2.295403546228013
M000693,Cloud Kitchen,Tier 1,4563,8,True,False,0.6067063504213083,3.5461212376559343
M000694,QSR,Tier 1,471,27,False,False,0.3187462844608433,4.526177801623728
M000695,QSR,Tier 1,104,5,True,True,0.8841608775556664,3.131561313566395
M000696,Cloud Kitchen,Tier 1,54,29,True,False,0.7156718248713463,4.03642559319637
M000697,QSR,Tier 1,303,6,True,True,0.9514453455704586,4.052242415052167
M000698,Cloud Kitchen,Tier 1,1607,34,False,True,0.7252771594633751,3.657415810637547
M000699,QSR,Tier 3,333,7,True,True,0.9739686072682866,1.9833533507220706
M000700,Fine Dining,Tier 2,3892,25,False,False,0.7906719406267795,4.467154392600968
M000701,Cloud Kitchen,Tier 3,45,29,True,False,0.6173679622116428,2.745102622558266
M000702,QSR,Tier 2,396,24,False,True,0.7660372190802662,1.1768429757428023
M000703,QSR,Tier 1,61,26,False,True,0.902858381869975,1.9784506802781006
M000704,QSR,Tier 2,696,25,True,False,0.21118566884029527,4.062193416397263
M000705,QSR,Tier 2,1525,37,True,True,0.859550324273493,1.2765333432699575
M000706,Street Food,Tier 1,214,42,True,False,0.7441666312268824,1.5894576086196448
M000707,QSR,Tier 2,8,19,True,True,0.6671323575272707,3.7769072641668178
M000708,Cafe,Tier 1,543,19,True,True,0.7914665374135174,4.570403158910162
M000709,QSR,Tier 2,776,29,True,False,0.6398363164641429,3.5349280202305473
M000710,Cloud Kitchen,Tier 2,739,25,True,True,0.41033661332705074,1.8891642153182184
M000711,Cafe,Tier 1,2575,28,True,False,0.8584282630899582,1.2136550529981944
M000712,Cloud Kitchen,Tier 1,80,9,True,False,0.7282122488640275,3.460506330201247
M000713,Fine Dining,Tier 3,1119,10,True,True,0.5667542209759958,1.189594311724656
M000714,Fine Dining,Tier 2,2413,47,True,True,0.6859456032564514,3.450888207767028
M000715,QSR,Tier 1,27,48,True,False,0.8586285459790612,1.9023197766443802
M000716,Street Food,Tier 3,651,27,True,False,0.7891373382739804,4.618624249635319
M000717,Cafe,Tier 1,189,8,True,True,0.7426498087540436,2.9003706739494475
M000718,Street Food,Tier 2,356,31,False,False,0.6521679643380245,1.8957537332387826
M000719,QSR,Tier 3,679,22,True,True,0.5533741448073014,4.412581266234366
M000720,Cloud Kitchen,Tier 1,194,25,True,True,0.6288469333876965,2.0161415937900333
M000721,Street Food,Tier 1,146,32,True,False,0.8516177602831523,2.226396306099502
M000722,QSR,Tier 1,424,39,False,True,0.6048088423687618,4.337111596221822
M000723,QSR,Tier 1,78,26,False,False,0.918851970202351,2.235168119202384
M000724,Cloud Kitchen,Tier 1,79,44,False,True,0.5522763028297718,2.6406550769225494
M000725,Cloud Kitchen,Tier 2,1117,27,True,False,0.8190515919944035,2.3906626830354663
M000726,Cafe,Tier 1,72,7,True,True,0.7349369570242336,1.4656012713215034
M000727,QSR,Tier 2,1096,44,True,True,0.8912066904803017,1.1555832489873046
M000728,Cafe,Tier 3,807,14,True,False,0.6260027240554547,3.8981626962439253
M000729,QSR,Tier 3,30,29,False,True,0.3714846299782661,3.5805484957428826
M000730,QSR,Tier 2,146,12,True,True,0.8060326035448131,2.1294642702082287
M000731,QSR,Tier 1,2419,15,True,True,0.6930595706647454,2.182396499939514
M000732,Cafe,Tier 2,92,9,True,True,0.5639202192343246,4.780023132034725
M000733,Cloud Kitchen,Tier 2,201,49,False,False,0.30335781678415824,4.950684508933969
M000734,Cloud Kitchen,Tier 2,806,41,True,True,0.5234209667742753,2.893739612934774
M000735,Fine Dining,Tier 1,1306,49,True,True,0.37885047073663886,4.209806981925975
M000736,Cafe,Tier 3,276,42,True,True,0.6932516688802726,3.9467435034774616
M000737,Fine Dining,Tier 2,164,33,True,True,0.4981259030716611,2.189270838048188
M000738,Cafe,Tier 1,3406,9,True,True,0.6509125482632114,1.2342508420819134
M000739,Fine Dining,Tier 1,5477,13,False,True,0.8894249713662127,1.57022502853976
M000740,Fine Dining,Tier 2,1751,6,True,True,0.9033124919411045,4.353176468003054
M000741,Fine Dining,Tier 3,458,5,True,False,0.8782437572103188,3.9248552799851244
M000742,QSR,Tier 2,120,44,True,False,0.7262105470621113,3.6573393778491115
M000743,Cloud Kitchen,Tier 3,116,34,True,True,0.9420689946284503,1.5225953267865933
M000744,Cloud Kitchen,Tier 1,883,15,False,True,0.7450343103302485,3.559722749802099
M000745,QSR,Tier 2,755,32,False,True,0.6374014634610714,4.088609325972461
M000746,Cafe,Tier 2,3302,48,True,True,0.580564931516322,4.442406999441163
M000747,Fine Dining,Tier 1,1070,16,False,True,0.6761643843819485,1.0529251167744729
M000748,Cloud Kitchen,Tier 1,42,43,True,True,0.4996242413518216,3.737900407513911
M000749,Street Food,Tier 3,1954,30,True,True,0.6518542346851613,1.0763906224128177
M000750,Cloud Kitchen,Tier 1,90,17,True,True,0.33031078784236445,3.827491382173754
M000751,QSR,Tier 2,226,12,True,True,0.9796473824636134,3.5424854589280192
M000752,Street Food,Tier 1,587,32,True,True,0.441281772545983,1.59339145167589
M000753,Cloud Kitchen,Tier 1,8050,34,True,True,0.8383424178859484,4.064487005380521
M000754,QSR,Tier 1,42825,13,True,True,0.8366618744472007,1.2733904727587646
M000755,QSR,Tier 3,1002,43,True,True,0.6826702604829443,4.305595094978534
M000756,Cafe,Tier 3,306,35,True,True,0.9192397519223896,2.047716979392916
M000757,Cloud Kitchen,Tier 3,899,25,True,True,0.5822522401556234,3.75540744920266
M000758,Cloud Kitchen,Tier 2,1527,38,False,True,0.5458124589283967,4.694757364087481
M000759,Cafe,Tier 1,249,35,True,True,0.5732220389105293,2.3593080986937958
M000760,Cafe,Tier 2,5959,29,True,True,0.7412528608432241,3.0115763117616767
M000761,QSR,Tier 2,569,16,False,True,0.7410846626021946,2.8524721358018015
M000762,QSR,Tier 3,851,5,True,True,0.5091027048222642,1.6304453962514724
M000763,QSR,Tier 1,1095,26,True,False,0.9287449723676752,3.3612480419630466
M000764,Cloud Kitchen,Tier 2,759,44,True,True,0.8696388604545524,3.972007674083792
M000765,QSR,Tier 1,1419,41,True,True,0.6640045173786756,4.667499315695277
M000766,Cloud Kitchen,Tier 1,159,5,True,False,0.7283827264295983,4.403210406598051
M000767,Cafe,Tier 2,174,5,True,True,0.7584991772333025,3.0400775189121267
M000768,Cafe,Tier 2,77,46,False,True,0.533876077324433,3.8760686180477393
M000769,QSR,Tier 1,779,46,False,False,0.6039410958051047,4.203133653495572
M000770,Cafe,Tier 1,1297,25,False,False,0.7108719798040812,2.973954854953395
M000771,QSR,Tier 2,801,19,True,True,0.6658652016969474,1.461710242817071
M000772,Cafe,Tier 3,4972,21,True,True,0.7026590330348658,2.7517230553894834
M000773,QSR,Tier 3,400,26,True,True,0.4255043174259577,4.369912152806259
M000774,Fine Dining,Tier 3,1100,42,True,True,0.6909184729587573,3.38656562157494
M000775,Cafe,Tier 3,78,39,False,True,0.8867533857777955,3.897833508037356
M000776,QSR,Tier 1,225,49,True,True,0.45956882049975345,1.7410720886103501
M000777,QSR,Tier 2,1145,20,True,True,0.8835395926837254,4.857351072844023
M000778,Cloud Kitchen,Tier 2,1441,12,True,False,0.9474276768603787,2.6163221179732377
M000779,Cloud Kitchen,Tier 1,259,21,False,False,0.7813860364204904,3.614542090870916
M000780,Cloud Kitchen,Tier 3,362,21,False,True,0.5941862602883717,1.075489018362421
M000781,Cloud Kitchen,Tier 1,41,30,True,False,0.8593372690127481,1.5092770490211653
M000782,Cloud Kitchen,Tier 3,236,17,False,True,0.8965809463652001,4.128137079539676
M000783,QSR,Tier 2,1533,21,True,False,0.7326247815308833,4.871877782081018
M000784,QSR,Tier 2,956,42,True,True,0.36428868341786314,2.280221420221913
M000785,QSR,Tier 2,854,21,False,True,0.594592069577247,1.1487229397650593
M000786,Street Food,Tier 3,434,18,True,True,0.6339787748600345,2.44346640792055
M000787,Cloud Kitchen,Tier 2,407,49,False,True,0.8231478562015343,1.0698725211160105
M000788,Fine Dining,Tier 2,149,10,True,True,0.7510743987567526,1.7694923690498765
M000789,Fine Dining,Tier 1,1150,39,True,False,0.798562645709098,4.009888060214953
M000790,Street Food,Tier 2,758,18,False,False,0.958027728649112,4.7483535924259845
M000791,QSR,Tier 1,843,12,True,True,0.49629693168184474,1.3497963374755466
M000792,Cloud Kitchen,Tier 2,183,19,False,True,0.7171875176355682,3.231603115242037
M000793,Cloud Kitchen,Tier 2,15,31,False,True,0.651657174507038,2.015523384496128
M000794,Cloud Kitchen,Tier 2,2091,17,True,False,0.8562431368800555,1.5562365031757182
M000795,QSR,Tier 1,196,35,True,False,0.5866646284301774,1.87592091956623
M000796,Cafe,Tier 1,110,39,True,False,0.5354033218563057,3.31105226999083
M000797,Street Food,Tier 2,1141,10,True,False,0.8643588972747842,1.2605380057758442
M000798,Cloud Kitchen,Tier 1,224,9,True,True,0.8448681675235541,2.73687438467367
M000799,Cloud Kitchen,Tier 1,1978,26,True,True,0.7422625337113087,1.5409114038206555
M000800,Street Food,Tier 1,1017,27,True,True,0.9566676631934528,2.090708209577926
M000801,Cloud Kitchen,Tier 3,1124,29,True,False,0.7036349162065383,1.7630173189730556
M000802,QSR,Tier 2,51,38,False,True,0.8265060361140529,4.531901999323589
M000803,Cloud Kitchen,Tier 1,2484,30,False,True,0.4111839718034166,3.832045323485158
M000804,Cloud Kitchen,Tier 1,596,9,True,False,0.9675113556795785,4.473850315789882
M000805,Fine Dining,Tier 1,231,30,True,True,0.7274833322274413,2.53385133819077
M000806,Cloud Kitchen,Tier 3,500,24,False,True,0.81547784607227,2.2536534594146804
M000807,Street Food,Tier 2,28,10,True,False,0.81846138601924,2.522348779591068
M000808,Street Food,Tier 1,744,10,True,True,0.3286739385835364,1.0741927828976299
M000809,Fine Dining,Tier 1,86,22,False,True,0.7436222394201416,3.8988171005942327
M000810,QSR,Tier 1,53,8,True,False,0.9155996599371174,2.399089827580313
M000811,Street Food,Tier 2,41,21,True,False,0.8367544412866644,2.2532952143071667
M000812,Cafe,Tier 3,2141,18,False,False,0.43014746950858207,3.3925642614821316
M000813,QSR,Tier 1,156,18,False,True,0.6471571057345948,2.7449996468392657
M000814,Street Food,Tier 1,4026,17,True,True,0.8446494652507657,4.9233734728955945
M000815,Cafe,Tier 1,180,11,True,False,0.746827454940817,2.4250121715952053
M000816,Cloud Kitchen,Tier 3,31,48,True,True,0.946074650781162,3.4555833688316535
M000817,Cloud Kitchen,Tier 1,75,19,True,True,0.7103222830992323,2.246604402438607
M000818,Fine Dining,Tier 3,2575,23,False,False,0.16868699087724476,4.962379920842627
M000819,QSR,Tier 2,319,47,True,True,0.5279021543882255,2.7804441388805126
M000820,QSR,Tier 1,177,48,False,True,0.7791688741835974,3.536515243467212
M000821,Cafe,Tier 1,512,39,True,True,0.711053550739222,1.5068866838107082
M000822,QSR,Tier 1,856,21,True,True,0.5302115934328385,3.9320968594546324
M000823,QSR,Tier 2,2156,39,True,True,0.9070930331737628,2.076840231502488
M000824,Fine Dining,Tier 3,3543,23,True,True,0.893140783804452,2.7944530113186876
M000825,Cloud Kitchen,Tier 2,235,24,True,False,0.9218452710019699,4.532532249309831
M000826,Street Food,Tier 2,55,40,True,False,0.7574780666181002,4.882210059540405
M000827,QSR,Tier 1,216,39,True,True,0.48310197997821724,2.698288407361428
M000828,QSR,Tier 3,596,36,True,True,0.8215530513951966,4.339210671818
M000829,Cloud Kitchen,Tier 3,95,48,True,True,0.44850863888315196,1.213395978199443
M000830,Fine Dining,Tier 1,95,44,False,True,0.8473653827082619,4.39029611916105
M000831,QSR,Tier 3,675,28,True,False,0.7038754804428435,3.5180412886105987
M000832,Fine Dining,Tier 2,375,21,True,False,0.9013583508947643,2.954824673566408
M000833,QSR,Tier 2,423,11,False,False,0.5061667726390426,4.559854820548991
M000834,QSR,Tier 2,129,47,False,True,0.4789240019409251,4.381348890025656
M000835,Fine Dining,Tier 3,285,5,True,True,0.9374426135492184,2.187780383814288
M000836,Fine Dining,Tier 2,100,39,True,True,0.7494281052898929,4.1659535293790295
M000837,Street Food,Tier 1,1533,36,False,True,0.7965404848579636,1.3979637346494904
M000838,Fine Dining,Tier 1,1906,40,False,False,0.7181182931706589,4.291055741869481
M000839,Cloud Kitchen,Tier 3,25,17,False,False,0.7960778828119017,3.701822472093002
M000840,Cloud Kitchen,Tier 1,100,10,True,True,0.4930799984385862,1.351465323727771
M000841,QSR,Tier 1,42,18,True,False,0.44213862390178615,3.7323206938965416
M000842,Cloud Kitchen,Tier 2,152,41,True,True,0.7612571992253466,3.3220771067054806
M000843,QSR,Tier 2,355,19,True,True,0.9610339698746525,3.3782004045801792
M000844,Street Food,Tier 2,45,8,True,True,0.8448489383314546,2.163455740518794
M000845,QSR,Tier 3,101,44,False,True,0.8946174426749711,2.065988800051381
M000846,Fine Dining,Tier 1,89,20,True,True,0.8533323383730161,4.05014044821608
M000847,QSR,Tier 1,550,32,True,False,0.5376204006470777,2.0272539240689564
M000848,Street Food,Tier 1,447,20,True,False,0.7382130576366321,2.7850490072395946
M000849,Cloud Kitchen,Tier 3,136,8,True,True,0.9181200796327373,3.779155994395139
M000850,Cloud Kitchen,Tier 2,525,49,True,True,0.760375928525498,1.318465005309751
M000851,QSR,Tier 1,177,30,False,False,0.5463362515016287,3.378193530446629
M000852,Cloud Kitchen,Tier 3,268,32,True,False,0.7264031329876239,3.357505490592469
M000853,QSR,Tier 3,4965,36,True,False,0.8166413974229122,3.736914843552102
M000854,Cafe,Tier 3,3013,49,False,True,0.5839583334097779,2.4797123812226345
M000855,QSR,Tier 3,57,6,True,False,0.8369132265353638,2.795919096255359
M000856,QSR,Tier 1,1400,35,True,True,0.8249926711396787,2.3198772557787746
M000857,QSR,Tier 3,1362,7,False,False,0.7970793265472468,4.232672988755104
M000858,Fine Dining,Tier 2,72,12,True,True,0.7499879329198107,1.52244304014453
M000859,Cloud Kitchen,Tier 3,1377,28,True,False,0.9604240750439208,4.85181581430132
M000860,QSR,Tier 2,4051,19,False,True,0.6455634608739004,3.5393446239168695
M000861,Cafe,Tier 3,74,47,True,True,0.5180134574380306,4.547626897568703
M000862,Fine Dining,Tier 2,101,35,True,True,0.6591828921435107,2.704925833059057
M000863,Cloud Kitchen,Tier 1,1856,13,True,True,0.7797578574917025,2.3291162815679867
M000864,Fine Dining,Tier 2,606,43,False,False,0.4955075139936615,4.602903240495934
M000865,Fine Dining,Tier 3,922,49,True,False,0.7014717105530514,1.3954921155052111
M000866,Cloud Kitchen,Tier 3,672,6,True,False,0.7252247959420722,1.4684289260211112
M000867,QSR,Tier 1,724,12,True,True,0.580565518923514,2.1973871059387093
M000868,QSR,Tier 1,55,11,True,False,0.7116834656145379,4.8390999270652735
M000869,Cafe,Tier 1,1941,48,False,False,0.554397658608647,3.532274439460428
M000870,Street Food,Tier 2,2331,43,True,True,0.7051747935114275,3.2167747864615928
M000871,Fine Dining,Tier 3,285,46,True,True,0.8693432399373904,3.8214253454216824
M000872,QSR,Tier 1,377,20,True,False,0.5286111995203018,2.6698982243126648
M000873,Cloud Kitchen,Tier 2,40,39,True,False,0.5786256918318353,4.032294005683196
M000874,Fine Dining,Tier 3,872,34,True,False,0.47373263596738757,2.5729227918915103
M000875,QSR,Tier 2,951,14,False,True,0.7500687083854073,4.305452739425858
M000876,QSR,Tier 2,367,42,True,True,0.5981741281715216,2.069180328306018
M000877,Cloud Kitchen,Tier 2,2178,22,False,True,0.8011439148583295,2.110186637192097
M000878,Cloud Kitchen,Tier 2,244,9,False,False,0.6257481306473158,3.0895332217069407
M000879,QSR,Tier 1,940,33,True,False,0.7088636241154246,2.7230446334469405
M000880,QSR,Tier 2,87,43,True,True,0.9068952389298374,3.5924633771387815
M000881,QSR,Tier 2,389,38,False,False,0.8052308360157071,2.457163018694316
M000882,Cloud Kitchen,Tier 3,310,47,True,True,0.6531162439859355,1.9222025962814673
M000883,QSR,Tier 2,565,49,False,False,0.5864447981134133,2.8792342515316043
M000884,QSR,Tier 3,231,27,True,True,0.8187922872598496,3.243825997988585
M000885,Cafe,Tier 1,331,9,True,True,0.868688484539884,1.5704002153187617
M000886,QSR,Tier 2,1392,34,True,True,0.769352472353488,3.2268745029326613
M000887,Cloud Kitchen,Tier 1,209,10,True,True,0.9401327833559907,2.2770268209915874
M000888,QSR,Tier 1,36,48,False,True,0.41508183786406966,2.5698075394740316
M000889,QSR,Tier 2,5565,8,True,True,0.818397955458924,2.117272516253125
M000890,QSR,Tier 3,3204,33,True,True,0.8100046765322109,4.7256413111722395
M000891,Cloud Kitchen,Tier 1,58,27,False,False,0.8680600756928176,3.7333451251208554
M000892,Cafe,Tier 2,1135,10,True,True,0.9177419844475849,2.0498412456027335
M000893,Cafe,Tier 3,189,36,True,True,0.5955364173860446,3.5801253382078007
M000894,Fine Dining,Tier 1,598,46,False,True,0.6345538283594938,4.394289638328185
M000895,Cloud Kitchen,Tier 2,627,22,True,False,0.9030827312339765,2.6065208333310745
M000896,QSR,Tier 2,283,19,True,True,0.9548331782418105,4.3198300366247295
M000897,QSR,Tier 2,124,44,True,False,0.3401998706283754,1.6176597773599695
M000898,Cafe,Tier 1,143,36,True,False,0.8038603596632306,4.291125459464672
M000899,QSR,Tier 1,102,13,True,True,0.3788504750303305,3.1611769706894655
M000900,QSR,Tier 3,115,41,True,True,0.9499244483111398,1.8918979520399284
M000901,QSR,Tier 2,364,14,True,True,0.6448633928065879,2.6285655382236457
M000902,QSR,Tier 1,137,24,True,True,0.8107418030975221,4.951971969786467
M000903,QSR,Tier 3,1122,10,True,False,0.9035249721072233,4.134224066569704
M000904,Cloud Kitchen,Tier 1,3755,7,True,False,0.7146556693010643,3.300345445540461
M000905,Fine Dining,Tier 2,169,46,True,True,0.7050498400916368,1.4606556476181023
M000906,Cafe,Tier 1,577,15,False,True,0.8391542108650988,2.671246331606001
M000907,Cafe,Tier 3,853,47,True,False,0.6967784989756898,2.052206056047749
M000908,QSR,Tier 1,818,21,True,False,0.8591053972382799,1.284004318021561
M000909,QSR,Tier 1,452,36,True,True,0.3610104432242804,3.16881755487726
M000910,Fine Dining,Tier 1,1229,8,True,True,0.3618775870110189,4.556742799363505
M000911,Cloud Kitchen,Tier 1,831,8,True,True,0.7981444032950739,3.7023994726965004
M000912,QSR,Tier 3,63,21,True,False,0.5794784796093057,1.9987215519220447
M000913,Cloud Kitchen,Tier 3,1485,45,True,True,0.7440456472578697,3.2943384278151564
M000914,Fine Dining,Tier 1,1526,23,True,True,0.27187861472502645,4.772937133387876
M000915,Cloud Kitchen,Tier 2,128,9,False,False,0.9744648636839526,3.8916602116917414
M000916,Fine Dining,Tier 2,427,36,True,False,0.6494932668848037,3.757895597627056
M000917,QSR,Tier 3,1124,26,True,False,0.7996117944612103,4.872632664910065
M000918,Street Food,Tier 2,294,10,False,True,0.41717344115083926,4.195493244736099
M000919,Cafe,Tier 1,2017,39,True,True,0.9017312240092779,1.5464941723950085
M000920,QSR,Tier 2,13985,26,True,False,0.7343633161451478,2.3905403479048055
M000921,Cafe,Tier 2,124,5,True,True,0.5589476081158182,4.860562802950744
M000922,Fine Dining,Tier 1,50,24,True,True,0.6875015932057122,2.9588215767919914
M000923,Cafe,Tier 2,636,26,True,True,0.7351296163494152,1.4465497812847414
M000924,Cafe,Tier 1,1190,15,True,True,0.9388311366251862,2.8344195186893675
M000925,Fine Dining,Tier 3,285,17,True,True,0.5710733384863754,3.787972936283203
M000926,QSR,Tier 1,3568,46,True,False,0.9421703633136739,4.990192886724964
M000927,QSR,Tier 2,54,7,True,False,0.6535957857375452,2.2956212662528075
M000928,Cloud Kitchen,Tier 2,1140,13,False,False,0.8426143104148915,3.056347499517095
M000929,Cloud Kitchen,Tier 2,162,16,True,True,0.8836116858610478,4.5187228185991755
M000930,QSR,Tier 1,5319,27,True,True,0.6373228011357366,2.421068872229334
M000931,QSR,Tier 2,8012,18,True,True,0.8717444034954293,1.437046226363429
M000932,Cafe,Tier 2,127,37,True,False,0.7456585052319041,4.795743500006016
M000933,Street Food,Tier 2,176,22,False,True,0.849760561930096,2.9537632268540004
M000934,Cloud Kitchen,Tier 2,1464,45,True,False,0.39607201995191305,3.011134843087887
M000935,QSR,Tier 2,225,13,True,False,0.7702237225018568,3.4848005784167286
M000936,QSR,Tier 3,376,27,True,True,0.5688514120881945,1.0141464948128984
M000937,QSR,Tier 1,419,14,True,True,0.8709254396047238,4.724524702275397
M000938,Street Food,Tier 3,22,23,True,False,0.5066887403981729,2.4458043390981667
M000939,QSR,Tier 2,395,9,True,False,0.8311678484853089,2.5877274495373945
M000940,Cloud Kitchen,Tier 1,143,27,True,True,0.7551972165785452,1.69643699013294
M000941,QSR,Tier 1,192,34,True,True,0.5152476432969366,2.512606453169844
M000942,Cloud Kitchen,Tier 1,3517,29,True,False,0.7649947533674326,4.215774123104208
M000943,Cloud Kitchen,Tier 3,61,32,False,True,0.8089616752223378,4.199966690222139
M000944,Cafe,Tier 2,1366,38,True,True,0.8820172122360074,4.743187363581811
M000945,QSR,Tier 3,265,49,True,True,0.5645141581546048,2.612917890723183
M000946,QSR,Tier 2,265,29,True,True,0.5171113384086702,3.8348860149943373
M000947,QSR,Tier 2,1320,14,True,True,0.6285108216910392,3.0289502208302284
M000948,Street Food,Tier 1,671,18,True,True,0.7906460463017732,4.216091158076524
M000949,Cafe,Tier 1,949,46,False,True,0.7375896048203009,3.8501680365319877
M000950,Cloud Kitchen,Tier 2,1723,34,True,True,0.8135246149016163,2.4716117011451026
M000951,Cloud Kitchen,Tier 1,245,45,False,False,0.819775850366537,2.34669533701477
M000952,Cloud Kitchen,Tier 1,161,29,True,False,0.9309437818230466,2.0097698521118703
M000953,QSR,Tier 2,79,18,True,False,0.9618346070457268,3.306063161954551
M000954,Street Food,Tier 2,116,39,True,False,0.7965775139873077,4.855371406375438
M000955,Fine Dining,Tier 3,33645,38,True,True,0.9409036649084136,1.800266950470264
M000956,Fine Dining,Tier 3,2609,14,True,True,0.44012217586224345,1.3810098196173008
M000957,Cloud Kitchen,Tier 2,53,39,False,False,0.8802797820268774,1.4776025683052545
M000958,QSR,Tier 2,55,15,False,True,0.8253182844382393,4.1323947050006
M000959,QSR,Tier 2,831,15,False,True,0.8564121945127375,2.400419217138255
M000960,Cloud Kitchen,Tier 3,916,25,False,False,0.8834544559777676,1.8974673107695188
M000961,QSR,Tier 1,919,25,True,True,0.7608424537987405,2.411376473494
M000962,Cloud Kitchen,Tier 2,275,26,True,True,0.7398515085093961,3.581323251318087
M000963,QSR,Tier 3,334,49,True,False,0.8328185225353851,3.187148499313135
M000964,Fine Dining,Tier 1,659,11,True,False,0.8166013641705593,3.974357626084904
M000965,QSR,Tier 2,458,21,True,True,0.8070736255546928,2.356296593927105
M000966,Fine Dining,Tier 2,14,6,True,False,0.9092041705000419,2.8081142938587416
M000967,Cloud Kitchen,Tier 1,285,16,True,False,0.604116323368863,1.407873475851694
M000968,QSR,Tier 1,112,46,True,False,0.36449189659075193,1.2922345841311258
M000969,Cloud Kitchen,Tier 1,524,22,True,True,0.5315361357857693,2.849020971376402
M000970,Fine Dining,Tier 1,35521,15,True,True,0.7140082453391665,2.206386429783694
M000971,Cloud Kitchen,Tier 1,700,20,True,False,0.43154456487713827,3.4512022885445233
M000972,Street Food,Tier 3,252,22,True,False,0.3619727921722299,1.1720086617782877
M000973,Cloud Kitchen,Tier 1,1607,39,True,False,0.9369189370072204,1.4870655103982617
M000974,QSR,Tier 2,832,30,True,True,0.8324854785868852,4.46076324442558
M000975,QSR,Tier 1,757,20,True,True,0.7427327623471397,3.265246486076418
M000976,QSR,Tier 3,1002,10,True,False,0.9619929611630335,3.8482181347649087
M000977,Cloud Kitchen,Tier 1,8820,48,True,True,0.8400249528811657,4.367888474829183
M000978,QSR,Tier 2,73,47,True,True,0.9416857941335037,2.855337371800209
M000979,Fine Dining,Tier 3,820,46,True,True,0.9122062604563486,4.044241535869904
M000980,Cloud Kitchen,Tier 3,100,16,True,True,0.7844039084102483,3.0983423162940973
M000981,QSR,Tier 1,928,17,True,False,0.9065662178362699,1.8909950810948155
M000982,Cafe,Tier 3,101,8,True,False,0.5500499551148593,2.350624675203758
M000983,QSR,Tier 2,215,43,True,True,0.588918148160618,2.9614017642226433
M000984,QSR,Tier 2,259,6,True,True,0.8416364067519239,2.267542208689083
M000985,Cloud Kitchen,Tier 1,1743,30,False,False,0.5628875476133968,2.3421107653995934
M000986,Fine Dining,Tier 1,1599,31,True,True,0.7388209576690798,2.3495713249950656
M000987,Cloud Kitchen,Tier 2,62,31,False,True,0.8669913266739591,1.4913599154284167
M000988,Fine Dining,Tier 2,438,19,True,False,0.4858281715520246,1.3385704288490055
M000989,QSR,Tier 2,139,12,True,True,0.6210482282452175,1.1859841587652173
M000990,Cafe,Tier 2,61,11,True,False,0.7662654982377207,1.443825044137347
M000991,Cafe,Tier 3,291,44,True,True,0.7382741239882149,2.374828368542472
M000992,Cloud Kitchen,Tier 1,253,16,True,True,0.5388101555924176,3.3754872231322284
M000993,QSR,Tier 2,15368,17,True,True,0.6709115893281119,1.7525877088376358
M000994,Cloud Kitchen,Tier 1,772,47,True,False,0.8242639868734202,4.552035384010551
M000995,Fine Dining,Tier 3,51,21,True,True,0.5677165532212627,4.233529724957798
M000996,QSR,Tier 2,172,21,True,True,0.6361519221167958,3.0821084512366546
M000997,Street Food,Tier 3,1866,40,True,False,0.9160009929503501,3.8968393232534395
M000998,QSR,Tier 1,9252,25,True,True,0.7479295059124732,2.4653140987950337
M000999,Street Food,Tier 1,37,12,True,True,0.727943721653373,1.1471111709323596
M001000,Fine Dining,Tier 1,24,9,True,True,0.6129082431569355,4.617331390130159
